<retro>
    <system fullname="Atari 2600" shortname="a2600"/>
    <module libraryname="Stella" extensions="a26|bin"/>

    <input>
        <port shortname="p1" fullname="Player 1" defaultdevice="pad">
            <device shortname="pad" fullname="Gamepad">
                <button shortname="up" fullname="Up" mappedkey="UP"/>
                <button shortname="down" fullname="Down" mappedkey="DOWN"/>
                <button shortname="left" fullname="Left" mappedkey="LEFT"/>
                <button shortname="right" fullname="Right" mappedkey="RIGHT"/>
                <button shortname="select" fullname="Select" mappedkey="SELECT"/>
                <button shortname="start" fullname="Start" mappedkey="START"/>
                <button shortname="b" fullname="B" mappedkey="B"/>
                <button shortname="a" fullname="A" mappedkey="A"/>
                <button shortname="x" fullname="X" mappedkey="X"/>
                <button shortname="y" fullname="Y" mappedkey="Y"/>
                <button shortname="l1" fullname="L1" mappedkey="L1"/>
                <button shortname="r1" fullname="R1" mappedkey="R1"/>
                <button shortname="l2" fullname="L2" mappedkey="L2"/>
                <button shortname="r2" fullname="R2" mappedkey="R2"/>
                <button shortname="l3" fullname="L3" mappedkey="L3"/>
                <button shortname="r3" fullname="R3" mappedkey="R3"/>
            </device>
        </port>
    </input>
    
</retro>
